temperature,voltage,current,status
49.96714153011233,469.9677718293001,3.987232587538428,healthy
43.61735698828815,446.23168414563844,4.783221993926723,healthy
51.47688538100692,402.98151849600873,3.811370118500058,healthy
60.23029856408026,367.6531611147213,4.53805770554144,degrading
42.658466252766644,434.9111656806795,2.1595779995693216,healthy
42.6586304305082,419.6742692710875,5.319940561059408,healthy
60.79212815507391,444.75966100138663,5.001808213043336,degrading
52.67434729152909,431.7585900840985,3.774367053397714,healthy
40.30525614065048,452.47763576596674,5.988868502648607,healthy
50.42560043585965,373.2382394219716,6.406355206439837,healthy
40.365823071875376,465.8697032817163,2.5886602034465387,healthy
40.34270246429743,409.87998023462,3.8559128321506786,healthy
47.41962271566034,503.76304363126326,3.8462864753190527,healthy
25.86719755342202,365.54060909552163,3.590145348336703,healthy
27.750821674869673,486.79819015826246,6.244212262897623,healthy
39.37712470759027,409.89553917313236,4.709260791840794,healthy
34.87168879665576,367.42909981927755,4.603227738034084,healthy
48.142473325952736,375.8057082972839,1.9942064533898698,healthy
35.91975924478789,383.98263459028396,5.95312704531384,healthy
30.876962986647086,421.2082973200958,3.141112407719791,healthy
59.65648768921554,426.14177440177497,5.089898945399493,degrading
42.74223699513465,371.31499980307103,5.416065406937287,healthy
45.67528204687924,398.78227038695087,7.040987893757976,degrading
30.752518137865433,507.11351793059316,3.0367694013213318,healthy
39.556172754748175,486.3771585050356,0.470731766268762,healthy
46.10922589709866,421.8161834837016,5.2757743171305425,healthy
33.490064225776976,401.90017390841,7.700766772266281,degrading
48.75698018345672,406.0015663359131,6.858419529409156,degrading
38.99361310081195,430.67589863652086,5.314489122911938,healthy
42.083062502067236,348.8603717400797,4.262545721551929,degrading
38.98293387770603,387.13117312883276,6.210683894955966,healthy
63.522781845089376,316.57079630612054,3.539680700443297,failed
44.86502775262066,419.961156130264,5.714536654034329,healthy
34.422890710440996,432.35979698513705,5.75820523874994,healthy
53.225449121031886,375.8406768850313,6.59031486124832,degrading
32.791563500289776,478.6993381645016,9.139490058366617,failed
47.08863595004755,338.7117168498829,5.5886239507681506,degrading
25.403298761202244,326.78125598950896,4.236554561438751,degrading
31.718139511015693,411.2225909279986,4.961638531712008,healthy
46.96861235869123,452.3549151306077,2.3463861426663226,healthy
52.38466579995411,484.1963845728934,3.9579303033664126,healthy
46.7136828118997,377.055786856553,4.386076342830344,healthy
43.843517176117594,453.9340416715648,4.213867403098111,healthy
41.98896304410711,398.07457652496464,5.228532308050583,healthy
30.214780096325725,391.368635002959,3.7663701014266993,healthy
37.801557916052914,444.18299687433364,6.681546000986707,degrading
40.393612290402125,432.616143920671,5.000310597377296,healthy
55.57122226218915,321.1803921507875,4.986049518292078,degrading
48.43618289568462,473.8270174862948,4.508157925230623,healthy
27.36959844637266,469.0045677073726,5.232786025788469,healthy
48.24083969394795,368.7218649245235,6.237647397001452,healthy
41.149177195836835,419.7901766718704,3.6993046764336492,healthy
38.23077999694041,424.70150931413696,4.012825266387115,healthy
51.11676288840868,413.03368829119535,4.544410956835003,healthy
55.30999522495951,372.484742307729,2.9811936147901776,degrading
54.31280119116199,366.41883160309743,3.771113210417753,healthy
36.607824767773614,398.72229645042773,4.285668689683011,healthy
41.907876241487855,458.63645096296824,6.311583771069092,healthy
48.31263431403564,427.18000772972164,5.393841993502887,healthy
54.75545127122359,381.4692833956947,5.2903848670513165,healthy
40.2082576215471,438.58493553241726,6.2763469432519585,healthy
43.14341023336183,257.5728689684962,4.793942317400905,failed
33.93665025993972,457.43828501860514,5.5856972748933345,healthy
33.037933759193294,313.014311061095,4.8451673706012555,failed
53.125258223941984,381.8779529298434,5.398043524099442,healthy
58.56240028570823,344.0165052686928,4.125862013582627,degrading
44.27989878419666,335.2659262139547,1.3417742625853561,degrading
55.03532897892024,458.04133936892595,4.798581256720544,degrading
48.61636025047634,376.6149399344054,7.13412220414991,degrading
38.54880245394876,417.3251940865358,6.389323103362388,healthy
48.61395605508414,397.6539710560408,6.448096226886756,healthy
60.38036566465969,423.85204136115607,6.854196082709327,degrading
44.64173960890049,403.8410945530128,5.132986386442156,healthy
60.64643655814006,335.8503887905715,5.295973561108394,degrading
18.802548959102555,449.813340972357,4.073522156848474,healthy
53.21902504375224,375.3121708419344,4.5258907159594255,healthy
45.870470682381715,322.1709050670124,5.923656724656713,degrading
42.009926495341325,378.59424195170436,6.805826655753224,degrading
45.91760776535502,475.03798953171554,4.790830586478501,healthy
25.124310853991073,442.5110871056746,4.324716102722883,healthy
42.80328112162488,382.567393279607,5.0007919382848955,healthy
48.57112571511746,382.53711478407854,5.901810123393672,healthy
59.77894044741516,383.9182474391309,2.8342177757996874,degrading
39.81729781726352,503.83739917804206,1.5557285702941428,healthy
36.91506397106812,419.09677261157765,4.174194725762625,healthy
39.982429564154636,421.50208235955347,3.168931361128762,healthy
54.15402117702074,451.5141727015921,4.2377897035290335,healthy
48.287511096596845,411.93945795132566,4.778329521773792,healthy
39.70239796232961,387.04789270896487,4.3201273864654794,healthy
50.13267433113356,390.1825075457511,7.178701301706118,degrading
45.9707754934804,396.4199370292968,5.49011714690348,healthy
54.68644990532889,398.13888817450794,5.450711539416242,healthy
37.979469061226474,436.381477181849,5.933310716065103,healthy
41.723378534022316,402.59729429036497,3.2917503233288463,healthy
41.078918468678424,436.632003860779,6.558667681130403,degrading
30.364850518678814,395.9641709945709,4.88635357019681,healthy
47.96120277064576,403.9317595158045,6.005720925861819,healthy
47.610552721798896,300.0899657733946,3.392214150439767,failed
45.05113456642461,445.8163837351241,2.6693618509759034,healthy
42.65412866624853,417.32442379489964,6.226834487037543,healthy
30.84629257949586,449.90050549298263,5.564614289146275,healthy
40.79354677234641,255.18723109031555,3.646922668463734,failed
41.572854834732304,504.4187352390364,3.6955053780879585,healthy
36.97722730778381,393.02051859224133,6.688152176622154,degrading
43.387142883339905,455.40914083687585,3.2158821606990085,healthy
49.040508568145384,348.0047036437235,7.464009429883945,degrading
63.8618590121053,430.6386952531285,3.649068898028197,degrading
46.74577812831839,347.3292218413172,5.957587888412575,degrading
47.57550390722764,368.81155196520973,4.507072286376523,healthy
44.25554084233833,495.7015676933393,5.904781146623515,healthy
25.812287847009586,390.4658799618327,4.183828996828711,healthy
44.73486124550783,410.87164365898616,4.755810640891559,healthy
45.60230209941027,443.5033865344377,5.061378763093582,healthy
69.63242112485287,424.78409439863026,3.4967188163277907,failed
43.076390352188774,407.5209452571788,6.111236518130189,healthy
48.015473423336125,418.24805012331126,4.230179650292622,healthy
44.65288230294757,520.1707792619137,4.657100126989972,healthy
33.31321962380468,397.1190601483207,3.5084759380872317,healthy
56.42822814515021,410.0549523357484,1.1564995118070343,degrading
52.519330326867745,452.5327198003806,4.713458356099746,healthy
52.910319470430466,455.2762966478992,8.618923132419374,failed
35.906125452052606,459.351515278019,6.176906431847035,healthy
59.02794310936099,431.93651110145925,4.971109430398408,degrading
30.981489372077192,342.8497543634758,4.605663756187599,degrading
50.868570938002705,481.6715766150548,5.0336988392180695,healthy
66.90455625809979,342.6827303490656,5.820678672762815,failed
35.09463674869312,415.13177326195165,3.2287807770367327,healthy
39.33702270397228,362.2862074990321,6.671482542003308,degrading
45.99651365087641,396.7930826703504,6.073071973161866,healthy
39.96524345883801,416.43812051517403,6.077278588561901,healthy
29.493365689338674,416.06786077251365,5.657713608214591,healthy
45.68562974806027,421.0960377117642,5.029424986540985,healthy
34.37696286273895,480.68556345293234,6.00929185395023,healthy
49.73592430635182,422.676715075699,5.887721200612067,healthy
35.80575765766197,387.79216823546756,4.468938933588464,healthy
60.499344050175395,448.20435841441787,4.139597340654649,degrading
37.16746707663763,459.47352444623203,5.15278444289298,healthy
41.77938483794324,338.61960924315036,7.323530227242781,degrading
53.135172173696695,429.8700034924929,3.1413393865191486,healthy
32.69135683566045,435.0586371155449,2.79871210137134,healthy
47.27459934604129,385.1218248320004,5.247141261854775,healthy
58.07142754282428,468.785340665581,5.076331552784027,degrading
28.925167654387725,392.4972206483737,5.260012496555612,healthy
46.84633858532304,406.2788226735771,5.36592979686275,healthy
47.598827942484235,391.34640878580655,4.665196618047792,healthy
52.8182287177731,400.77895237907336,7.2347951579031236,degrading
32.63049289121918,345.18624565523993,2.5986440322852267,degrading
31.795433869157236,327.9974558702853,3.757254462829631,degrading
50.21941565616898,479.7252531612486,4.845117859776429,healthy
47.96984673233186,357.6519325840836,2.535216783268749,healthy
47.504928503458764,350.43038252718463,4.736218393351893,healthy
48.46448209496975,292.33049431981425,7.492205248592027,failed
38.19975278421509,368.0519126155249,5.031329732443942,healthy
47.322536971610035,333.8455103296251,5.346051358578025,degrading
47.93072473298681,482.10075800681847,3.1097528522411295,healthy
37.85648581973632,450.4908544671317,4.075457887940784,healthy
63.65774511144757,365.5924827411138,4.437205429514094,degrading
49.73832920911788,512.6217902672154,4.523427354865649,healthy
33.08696502797351,449.0882743495797,6.922465692505654,degrading
51.5655360863383,383.7584308245689,5.836536591087687,healthy
35.253183297726785,275.0297142563213,3.3328130645944523,failed
52.87084603742452,514.547128629537,5.369757167648007,healthy
56.58595579007404,330.5213766618202,5.747332622745178,degrading
36.7931768164829,317.7300626521554,6.7102235577819,failed
54.63376129244322,451.12852160048203,7.37081102985256,degrading
49.12780926936498,521.9876203169637,3.477358712258197,healthy
53.2206015999449,469.2136409255259,3.7837137331844928,healthy
63.967929826539475,428.19545600261796,3.1136332116280756,degrading
42.54611883997129,429.7377170832643,4.6489702113395275,healthy
37.4626383564251,442.6707779390154,5.699537561669501,healthy
36.10485570374477,437.94642948933824,6.481001774883653,healthy
36.841897150345616,414.0595711984688,4.886073464536216,healthy
44.228982905858956,405.2100551975938,4.520228715117734,healthy
48.41151974816644,396.8703436050239,5.227636988373111,healthy
47.766907993300194,362.30177055666616,3.7472856475549654,healthy
53.27183249036024,385.96624615666127,8.13430808254216,failed
45.13001891877907,315.3521592902307,2.588508459322912,failed
59.53534077157317,395.0830186602625,5.277110868343587,degrading
42.35343166762044,350.5704446424541,8.035409328844459,failed
72.20169166589619,344.8205341392115,5.010199766839997,failed
51.25667347765006,408.9947075576739,4.7149414474977585,healthy
36.42842443583717,469.60011431722995,4.463831865784359,healthy
34.29107501938888,445.91583030011566,4.729412477356388,healthy
49.824724152431855,321.47496981884115,7.059272712014796,degrading
42.76537214674149,350.51859317148313,1.6822071330057398,healthy
52.14000494092092,447.0385593994108,7.300150551944489,degrading
49.73237624573545,350.8756303230845,2.864064271324782,healthy
44.271710873431275,388.7683425001488,4.600021506148378,healthy
36.532062819315954,427.50260495122757,4.3561333695520075,healthy
29.851527753141355,351.58277725681825,5.88282990465608,healthy
40.53485047932979,405.268775307298,2.6028134721743785,healthy
53.56398794323472,333.2987252540898,5.693258999122914,degrading
47.14093744130204,369.9316178024393,8.036464434930279,failed
32.542612212880115,415.98909670712686,2.9552389931107843,healthy
46.73180925851182,320.3503133234165,5.284559251415594,degrading
48.85317379728837,422.02373689801993,4.007026733305087,healthy
36.16142563798867,399.01811005366596,5.638830809289553,healthy
46.53725105945528,427.6244977208574,5.028721666123628,healthy
45.58208718446,411.1957067032331,4.037769636433536,healthy
33.57029702169377,468.2070214986922,5.7318084273066106,healthy
48.577873603482836,406.26122513239534,7.7065221646801145,degrading
50.60784526368234,378.52972294373734,4.713644312409052,healthy
55.830512431752766,406.11487515161417,6.079636913222273,degrading
55.53802052034903,427.1649014518194,3.0600905631932545,degrading
31.22330632042909,402.4430035162852,3.565345434772987,healthy
35.62174960084877,402.0295845601941,5.7086094168205666,healthy
50.1503526720866,364.9004156096622,7.226174042803947,degrading
50.13785950912209,366.85495412245257,5.53342002317849,healthy
50.150476863060476,329.8697364100153,4.530412954215269,degrading
83.52731490654722,487.478837159347,4.998937108135031,failed
50.70890510693167,337.80683823043574,3.124388399045424,degrading
56.35565640180599,365.3547401102046,5.90677298953305,degrading
54.54001763493203,364.0796367215401,6.3234995934851135,healthy
51.51391251305798,444.74621884722205,4.3218645007503795,healthy
41.84730755359654,385.2525160853986,4.294936778360748,healthy
52.589692204932675,462.3871036336867,5.398817344478073,healthy
37.27174785462428,366.3254687878066,4.3449203959391065,healthy
42.63181393259991,413.9497081111901,4.900801078061266,healthy
40.14636452170897,358.2326473370121,8.149582683749774,failed
45.81874139386323,507.2574563886694,4.629461448881005,healthy
68.14658566673509,340.62007904852436,4.462489771968166,failed
26.32734807408252,415.49103551135136,4.028687291547262,healthy
51.86260190374514,431.6888440466049,6.116287957249905,healthy
28.872841288103483,420.6899548725749,4.728163740172845,healthy
40.280681342105666,390.73561705611456,4.025940442517861,healthy
55.889505969673664,393.5089650133287,6.9819560484095184,degrading
45.64280019095463,402.1905735989555,7.129404506770456,degrading
34.22255222070694,392.64989991857556,4.099364651391943,healthy
37.84696290740032,448.1939558397455,2.2001900729590758,healthy
51.79597748934676,510.52615007956757,6.511270534755383,degrading
37.69633368282864,372.1254107496083,3.973055261359994,healthy
47.16458589581975,331.5098510210461,6.1859383987441525,degrading
45.45571839903814,395.58589758243727,2.044844273432247,healthy
38.483996523941826,528.985466882716,6.338896007448964,healthy
66.43944089325325,359.81627160151345,3.1832421060788283,failed
51.33919022318011,481.9558402722034,6.096146178599787,healthy
24.74857413342393,483.885040703822,5.021409601754651,healthy
46.86454314769428,372.32058791460025,3.5690908709050326,healthy
38.38213535231612,428.44915395926375,4.389445530609829,healthy
53.52433334796224,481.4198311564269,6.029477685435051,healthy
37.07479261567299,381.04361295062563,5.158841679672851,healthy
43.85263558533101,389.8209819948819,5.876619470708726,healthy
50.049872789804574,370.9159543025678,7.9646608767732285,degrading
53.657551941701215,349.26216346535665,2.653637582433423,degrading
32.997035929442234,367.5361227466997,7.425818862452935,degrading
41.654987641590516,338.8029866618872,5.156533906284819,degrading
40.25054688839044,401.7041734129613,3.6518239275153075,healthy
38.46670767426288,361.5013384470679,3.0045295613915153,healthy
62.65454240281097,411.6892955895374,4.71631941383445,degrading
49.049817109609556,322.20521768981865,6.382475167886689,degrading
32.391160456649544,416.54401161072286,4.808676319433698,healthy
54.17861947054776,441.6764480804462,7.2667323953710214,degrading
66.22156197012633,300.31321787142724,2.823236464922662,failed
55.32465260551147,418.7028284923786,4.981866578230918,degrading
29.806300340459867,461.3834496236646,3.1214098333803215,healthy
40.15765927133749,339.5179490654397,5.545447823937452,degrading
57.669111491866225,483.62861934188516,6.33033108514595,degrading
37.92330534381219,420.95095046830227,4.36885730947842,healthy
49.43819428146229,364.7494072120796,1.0936792150592987,healthy
52.74634053429337,397.2115461171147,5.298422220194742,healthy
35.730695284219166,427.9163456260861,5.655107827600264,healthy
44.404746439382,403.80026957062057,5.606442132442546,healthy
12.587326599309272,426.93779962231844,6.853673287733232,degrading
34.756123586657104,353.9663203460317,3.393419480526427,healthy
42.4743184860684,408.4680412018039,6.020324158175674,healthy
32.52216818035151,329.314275154751,6.7887612687169625,degrading
61.32411303931635,394.438696932565,2.3321186239902247,degrading
30.698586220393672,354.8046179267605,5.479477738878466,healthy
40.599555133030165,363.22350287051165,4.243730253488493,healthy
46.30740577286091,461.8046587605219,4.877715990347531,healthy
59.412732890661154,454.56550602971345,5.5215147253075045,degrading
30.641378488205607,430.45690604535883,4.2691571538296715,healthy
56.63163752154959,345.38436176637106,3.986437881257582,degrading
45.10233061019587,384.1795775152599,5.051228626232037,healthy
35.18491348952049,460.6548849989592,3.369131091705796,healthy
49.62103474263271,407.08584568199524,3.3712623066722216,healthy
46.9905969557347,515.9664769990848,6.019059924434755,healthy
38.99783122841205,419.6658919697186,3.276808947262016,healthy
45.69802084990019,409.6024558245016,5.999468751363818,healthy
41.1468640313824,384.54417678987494,5.693886939280927,healthy
46.13517345251248,406.67704523911414,2.4112899068141047,healthy
51.62130674521047,392.3765081809728,3.9836530214965173,healthy
60.86016816145352,435.4054338344295,6.791164104571059,degrading
32.62184501173151,447.8351158397292,3.5282517032904774,healthy
66.33033374656267,360.70052697460255,4.303393606535918,failed
25.479122004774982,333.4383523221111,5.693091339877845,degrading
43.482149049644164,308.1897313448352,6.175085763923893,failed
50.883172064845766,425.3995663456272,4.622691670933256,healthy
47.809918677350325,344.83166969130633,4.103734707962538,degrading
38.77300480179406,292.35547035237585,7.133554792547761,failed
42.918777496427246,419.42893022654823,7.608349495696368,degrading
40.06999065341167,524.6499758716395,6.468287076172693,healthy
39.106352430557884,399.6964544230053,5.127977213847536,healthy
53.496020970210246,441.9245387225821,3.7876014175386103,healthy
48.57015485965047,404.09146792737823,3.754333390165152,healthy
38.070904047393455,395.05551734044286,5.783771157898636,healthy
53.995998754332504,445.9538241493884,5.627597331333026,healthy
48.072995208766095,385.48627279056745,7.102397889419644,degrading
53.1286211883896,413.3696157035952,5.975675138804209,healthy
51.29628841923612,416.0848903098007,2.745379547360273,healthy
36.710049890779274,366.59547731784755,6.577921426584378,degrading
39.39818959803031,449.60211747682615,3.5029090590283807,healthy
52.472936051232615,391.2520121652296,4.424043092071472,healthy
51.10370265433465,362.2127420253578,5.3753003093775416,healthy
44.79098406035852,426.82549217852016,7.993501234675946,degrading
46.17327383308782,355.0766009104481,9.664877834008042,failed
57.77664895788425,401.4090578684564,5.910084588704274,degrading
39.0842861116417,399.5440501677898,4.725205071919418,healthy
50.470973811700375,454.2947782915789,5.801758472720826,healthy
42.97807347566106,423.73491164399763,6.3314831388107535,healthy
42.8231879677278,398.7486520627428,4.518998561664213,healthy
55.9877685198719,440.8883149600143,7.692817033868483,degrading
53.2541634898803,469.5103774508657,5.345106138787103,healthy
53.135096360006386,427.8905153175931,5.746614633637091,healthy
58.05478807154329,400.517630992169,5.998886378081692,degrading
45.21003841632759,334.408188382492,5.632379915921684,degrading
51.81952971294964,346.74431684623136,6.258410750704418,degrading
41.89733243406544,384.7387647822666,4.074120220179616,healthy
48.24166352488442,369.52438989203586,4.162547369080954,healthy
43.698569456323156,390.6514348507277,3.3497686505424578,healthy
45.96995964992718,402.83249624485535,5.659251845930339,healthy
50.95157025436914,426.48463771783656,6.168404755268171,healthy
36.81779316766527,396.47506109704545,5.686659299227829,healthy
65.9238727568546,424.3250821913101,7.5117386500213055,failed
34.93982618500298,403.223720740506,4.99160597175643,healthy
32.85811387212268,301.22667168230646,6.003112483388769,failed
56.581108735000676,353.0332303090623,3.3624486857910285,degrading
52.91662693962936,392.7956222139192,4.419350446288399,healthy
51.24119817052155,339.5152628579446,6.0433066363486665,degrading
51.2834550926428,429.9964364998102,6.273653166114716,healthy
44.87753227153085,476.53754161718484,4.559049578503727,healthy
36.02745628514168,460.93809258486584,4.892601122212899,healthy
45.75804558193726,389.3278564534896,2.723189379978786,healthy
38.22838288487888,474.5363068424976,4.464456198790086,healthy
54.75119733417751,407.4333728601056,6.335574745279679,healthy
43.52942618497861,383.14570144409805,5.86280752415985,healthy
36.745028032074885,369.329866822953,5.750998582071815,healthy
41.78614158347007,384.87651567559357,5.07466053077144,healthy
49.12931454275624,380.5911590729386,5.010594737942265,healthy
39.36275447196025,408.52081111877436,4.0095182907898295,healthy
36.77779604433569,408.0286990524932,6.048242630303802,healthy
47.436872114919126,400.1523010076707,5.631459416584085,healthy
47.44966571108723,421.8469084873175,5.738028271989199,healthy
39.9305682462887,459.5323137393171,4.210947735998629,healthy
40.289616943816775,447.4777067720662,1.7699856201931334,healthy
47.32049937357636,325.75510157750483,6.645729067630544,degrading
30.519156585026757,272.30394325490226,4.281743815987394,failed
30.925362256234447,446.71599556196367,3.705836353935319,healthy
37.81555778747564,331.65606507922894,6.04021836787099,degrading
42.86552848288153,388.7617299053658,4.411981040121305,healthy
48.10907565598005,341.494348697032,6.589904576069933,degrading
59.753562169495524,309.900978120999,5.9255089243650465,failed
53.576596232020194,427.0731364102394,6.0253539848007165,healthy
43.40061470036573,437.95775801513236,2.9510664331991987,healthy
44.80983792097311,371.174479963664,6.817915978079601,degrading
34.97470635362191,270.44788539275453,5.391875796850784,failed
44.8148686400761,372.6877775873759,4.4460842911306955,healthy
42.11341361079862,419.5902002701273,5.215082701013377,healthy
48.227185603380896,326.05442156129357,2.33564715065252,degrading
36.727690564476774,409.1679959889578,5.612979217221007,healthy
50.193465142411725,399.23450754135024,3.4559427377268928,healthy
60.32738913002578,428.9645749800544,2.9709945712346983,degrading
43.91239851543143,405.9790184207077,2.716461220673163,healthy
49.01711722098941,351.3465529559222,6.669032562484888,degrading
51.90143991711113,459.82857508322456,4.056104909460817,healthy
40.987795281141636,392.0735213486515,7.300591564874749,degrading
47.24092481810417,398.63477302450343,4.196297805421553,healthy
45.12592400781795,353.3366020463402,2.43896306361058,healthy
45.97676098548832,377.8358874404245,3.325213340077011,healthy
37.26990216144534,355.759864298655,6.853717430010408,degrading
45.245101742589426,391.35269700382884,4.766152733094999,healthy
49.979982912454496,485.5854240071172,4.177569055264098,healthy
59.51143607795042,331.4049428534322,5.240027338779181,degrading
54.59270826085207,319.32193010616294,5.752674104251318,failed
66.53182457511556,473.55851637468044,6.676098223853691,failed
37.326524371119504,389.5338161424067,7.17274884483939,degrading
53.723206367206785,366.54636306700417,4.460347031316371,healthy
46.83342005738352,451.9952343698038,3.0109284708769426,healthy
66.89802933217672,369.7192230131568,4.379802258315086,failed
36.91701714644849,491.30048567734684,5.3904207598743294,healthy
36.602781578192236,433.89629356696344,3.554361610684084,healthy
39.00607354555978,375.60442959271484,3.5642736276574354,healthy
23.76104275690193,507.86541066327516,5.5156818223248285,healthy
39.74244978319239,369.7142538498331,4.9270214726443236,healthy
37.40867338446302,437.1047686004654,5.04919549311738,healthy
46.50393786476208,414.9646290203246,3.8622569979498955,healthy
48.41755975777159,465.0870644699399,4.654398928691349,healthy
63.761708392158866,478.0755598363426,3.6136502835975435,degrading
54.5042383818605,401.6002074532883,6.33529761668718,healthy
39.23096344337597,362.3291064826908,6.552874002085629,degrading
36.01585328651642,422.9986071469558,2.2307182066428592,healthy
49.919191715065054,366.11423151239467,3.605733709711385,healthy
31.797667929793576,500.66936237633115,2.7552061173648816,healthy
63.31458765854354,406.8267665541369,4.024964098389653,degrading
56.79440120721287,381.7339224343946,4.874843045314459,degrading
40.30824347895295,409.2340152932454,2.8255321704522047,healthy
27.868654709091224,332.64368552351516,3.6172102803120305,degrading
58.538723741654124,351.4192980744674,3.4940639418777524,degrading
43.85460154747382,460.0206953972213,5.310900994098416,healthy
57.378163119734616,367.1552860514302,5.104016505554376,degrading
29.05572341205633,347.654450865903,3.9173936699941203,degrading
39.00624977046227,426.8326376263643,5.265231308209097,healthy
45.05243699718183,459.28520773314983,4.179979873119102,healthy
45.46980593764742,435.9476655332533,4.59251733451092,healthy
40.49934528520756,449.80238429029083,7.510178135447806,degrading
51.228499323474985,362.16024557152696,7.010691577685522,degrading
34.32379570617405,328.9094666629078,3.0506281446086034,degrading
43.576205149787064,475.06668259777433,6.244598626818762,healthy
46.20295631711899,383.8660080578932,6.217094831737388,healthy
50.14438834058749,387.4583491772476,3.2776050668710726,healthy
52.1161487808889,466.4097070924529,6.228166465632291,healthy
33.75357908162131,427.811500470033,7.306897877618829,degrading
29.658858292643778,422.7943886040804,3.316182790633379,healthy
57.77676821898509,508.2501172450542,3.6237457684786047,degrading
48.323140119795916,367.8240884809928,6.5264922002652535,degrading
37.51513463443446,446.3920064040619,5.4072429662384724,healthy
60.51151975522523,402.85065624485424,5.827214412859285,degrading
46.156746342928585,413.42961394316285,5.510883824600745,healthy
56.792971840638266,476.4234213206266,5.586043881392216,degrading
45.67518481410109,425.3917878144812,3.0102918075333758,healthy
65.60747924881987,426.91480395248163,6.570976559932173,failed
62.55340842443204,453.6253668654901,6.75438498864166,degrading
42.51035851520926,381.7523635228557,4.655913883897958,healthy
54.71570950954356,358.0395166330497,4.934784575279206,healthy
51.45375949585147,347.7595402989483,2.7033387461664167,degrading
58.68631557532349,301.6821705311999,5.771382134026752,failed
35.35076539419896,502.8103564970161,5.858086162571216,healthy
51.86051459998439,344.83958171391583,4.906713474501034,degrading
55.58424486849588,388.9373188207114,6.6865300398057546,degrading
27.412605135768857,386.15933500555394,4.498884153530089,healthy
33.16741487334225,415.370334890455,5.8469088888404,healthy
24.607678222398995,440.7868606269648,3.4705034919618267,healthy
42.305931655554424,443.02367441798725,4.964671773688643,healthy
52.17542255795962,370.8461280715531,4.738468613145746,healthy
60.02357052096028,391.6439143106794,5.337961883061412,degrading
45.74094780419775,414.12899752441496,4.445709606749962,healthy
61.286155455712915,387.56544369082263,4.802791106492498,degrading
31.198985417851084,480.36727880099966,6.23907075716226,healthy
27.966175606448452,424.54874758191255,4.344853644142674,healthy
44.44452301103381,436.74388930249086,2.590134348891981,healthy
48.840654489393074,433.14406343337066,7.624375856308131,degrading
44.67305251905907,458.67369287426624,7.072181118035729,degrading
24.325578999601234,409.05107793518533,3.061605957341572,healthy
44.10879960487212,335.1584026022077,6.034561707867791,degrading
31.95530499495147,419.9843975876321,4.245537844172985,healthy
51.69672548830039,367.4321553104086,5.39523082299659,healthy
48.66598246096848,373.5691659125122,5.4413361935202404,healthy
35.60120213672645,429.3182009377547,4.648388299525517,healthy
39.861330826633065,461.91415357168177,3.8243515016204053,healthy
34.40786478111048,401.06357883680306,3.964188421525611,healthy
44.37320902726828,415.4416506299482,3.6257121267781365,healthy
54.551423205012384,485.1107472317619,3.752266687654333,healthy
35.14273953664456,412.03765897442844,4.899232564925967,healthy
50.040465155178445,530.0841557090198,3.9263600163338723,healthy
39.69742381627559,428.2754822815772,6.02307809856893,healthy
37.07127167737656,311.96186204220913,7.230869233003891,failed
43.929696400454425,437.6670810552266,4.129920137944936,healthy
34.64757677580626,419.0579192441389,5.359106750803066,healthy
39.46350694652818,464.4876377041373,5.7495276654544005,healthy
33.021221074111516,433.6590675634979,5.708003406378912,healthy
64.6472513291639,393.0772008008113,5.113932901874131,degrading
45.35263551971729,338.7850881855317,6.114023627539583,degrading
38.00274492007414,389.54883713569876,5.7233734290209854,healthy
47.13979910734222,357.473977289535,3.1435063665090532,healthy
43.8767195030917,370.97382750976385,6.303734096583909,healthy
42.79030400466777,429.42892022103047,6.330936255900113,healthy
51.14166700043425,483.4952252175703,3.8550708437321277,healthy
52.57507710047305,419.73357649114905,5.056906753171403,healthy
39.69498852389472,340.2058468982408,6.024993489216604,degrading
39.2418175935532,422.23013341100705,4.686029270630957,healthy
42.24948302848356,459.83157433228257,6.609467071649018,degrading
21.98078835264415,369.51085478403087,8.54580874192904,failed
29.84808937801448,393.2991416663541,3.8210209510475264,healthy
58.66874267444525,400.73440973645984,2.928433095269338,degrading
61.449677135012834,360.755084345888,5.455727893407314,degrading
42.50963960443622,432.41402169219293,6.082343757689215,healthy
50.765569630557664,393.95259256961094,4.653700439232846,healthy
48.112501545435364,420.9766221953514,7.179890994981552,degrading
75.78880808455239,355.62539110989496,2.992091300415127,failed
56.195749114345766,378.1270849838295,6.039377934547417,degrading
43.72082408519233,436.11906789138857,4.09120876886166,healthy
35.44459559399574,381.3583423954116,7.579066859310945,degrading
28.935536797424277,486.34819256167026,7.988773029752178,degrading
47.03463635867223,380.0181907192699,3.8500151183249782,healthy
37.436492547156966,411.2342362875943,4.17566429613713,healthy
30.77746290402326,446.6295415936545,6.2893818304697025,healthy
38.534271157574736,329.0817133533484,4.4193040253157285,degrading
34.18451996385605,311.9595594009612,4.931883173101642,failed
61.871416350725646,323.7171842714953,5.038082630813615,degrading
53.816397569494505,463.1292051713591,2.1204902657035154,healthy
44.92027358683383,372.40709270537764,4.9792433808586445,healthy
59.79944138890026,527.9099642834126,3.9654083389037393,degrading
45.77368307647618,371.78762006713055,4.260315766400342,healthy
36.38715798671736,409.22756515985185,7.1654480052032214,degrading
60.23124077269657,477.1054976283938,3.1152396585811157,degrading
50.38910043684659,500.3046444079562,6.2198077801219664,healthy
34.62753845673544,503.0751788318199,4.581555604502287,healthy
43.09661321916392,460.4183115296571,4.5803597472562485,healthy
36.24381746615243,451.2031262905731,6.185557844077567,healthy
31.17200269035664,429.62634746005915,5.5100769418533355,healthy
54.26177547531641,438.9180538083319,5.855919495829296,healthy
64.0941664047013,372.44071418357333,6.452276990799292,degrading
31.01432426180859,359.09005582888466,4.503037425225016,healthy
50.62969236690571,399.8312771294524,4.081644898238375,healthy
38.49357430878173,391.49076887375355,3.3722742101633028,healthy
40.12874616235304,377.33859753363623,3.761884205031567,healthy
39.07606075761131,434.81937237283574,9.423641637963087,failed
36.36009230320184,447.76526042852555,6.86701937110518,degrading
45.48521627944827,404.42034431459234,2.9733884506879678,healthy
36.69049883588962,473.8765040527631,3.0163130648846446,healthy
47.704568257798385,342.91554429332473,5.722799092577738,degrading
44.49761890550863,390.3170270360141,5.820897196066951,healthy
42.6105195313359,364.15888396985974,5.8233257529760465,healthy
35.92436337958402,306.673169146347,4.617566309669453,failed
39.23228669431667,395.86596570786503,4.811818609995649,healthy
52.55391225825756,393.9126245808358,5.4918192862390365,healthy
50.009171876243805,475.67248716210656,5.128839509439995,healthy
35.22444755201449,431.54058422773886,1.6710494408786971,healthy
45.99332305429226,348.79065878353975,4.6553005541372094,degrading
52.51387123371789,492.70462831670943,3.7228903486095297,healthy
28.305947188786284,461.0516847762676,5.262817128362768,healthy
50.43360192379935,429.1048851734308,9.477888503905115,failed
38.37376241054153,388.6757950575084,5.551222498211457,healthy
50.70598668593159,352.028038163826,4.529705470741403,healthy
37.367408434574834,381.3896611964474,6.382702252965879,healthy
26.95117899335481,454.4374309852093,5.724031830813819,healthy
28.724575621168373,494.2293152967304,5.630141735677762,healthy
45.48084946661382,477.1621764136095,5.910275889823507,healthy
47.59722501721482,375.5575289106863,8.084815347244312,failed
35.956833748955916,344.01912833554945,3.3036673470111264,degrading
51.38592458777374,407.0443123455602,5.710448115217182,healthy
28.3847993773104,311.5780317218574,3.6104283050276926,failed
44.33920201352684,416.1583857092391,5.833268969513372,healthy
32.889838002375434,392.6198706850666,3.6219702327708587,healthy
38.48163892197841,376.6981749065879,4.373949779592373,healthy
45.47398671316414,320.2648466366602,4.5573651286431405,degrading
36.39586634716048,425.68000532848583,6.463725079017063,healthy
41.154444557701744,373.36495801690444,6.37768166591362,healthy
55.0629280921444,341.5041582144856,3.131423935330423,degrading
39.23108130476851,256.38688933591754,5.082401166499773,failed
53.35692112065142,398.62425474746817,3.9356302178762412,healthy
33.702931453423815,488.6125798334872,3.112242633986998,healthy
50.298041779152825,483.0629607273935,4.674474424363444,healthy
59.415686206579004,377.1451871706864,4.537275817316271,degrading
20.283554998727105,369.889396981911,8.640074729518282,failed
37.03104744529523,423.4387128037512,5.649439738041044,healthy
50.7707212718054,350.0807280405854,2.933573748868644,healthy
42.96954613957007,415.0895949909733,4.152838993743586,healthy
48.71145873371309,438.30401391923454,6.532074943144098,degrading
38.960148132841795,461.34666119421536,8.132664159304888,failed
45.865897874729,394.99229617600236,2.6210250316430628,healthy
43.44322764607921,389.81631249115173,2.1801134222914325,healthy
56.67782061659807,356.1008706621719,7.806447763057673,degrading
47.54420843301213,358.655982298007,5.5844212660563555,healthy
48.37602662075202,388.67605540492366,3.69756090218545,healthy
40.881230338775325,418.3682753408089,5.801943629183653,healthy
40.123937759275066,445.6792313116625,1.0463783914746836,healthy
40.67441812180379,359.8410524659828,5.005063259895741,healthy
48.944521423782966,474.6344284479761,5.491731759264628,healthy
40.79015519179737,386.4438199478716,6.386405209306744,healthy
47.89774856896413,398.9316352825782,3.4791560715611936,healthy
65.75400798645438,362.63941604260884,5.128530742105038,failed
53.711247034316926,278.7879869863529,3.6118630609106193,failed
41.73976467832159,444.2022698180525,5.383075633511476,healthy
57.012139221639444,436.84219485462165,3.656980516455464,degrading
40.91924626978449,385.9336221440893,4.387848741259669,healthy
24.61875464822146,403.3495358612436,3.5062769078146565,healthy
34.91913689082596,425.79696088520495,5.976704362735486,healthy
26.292080789741444,321.87270715567286,6.287676674984998,degrading
41.48486515958692,373.5473661326853,4.64806914506388,healthy
45.184183791895514,439.7132339810914,5.0573569924400426,healthy
61.76437312275283,337.28552884153754,2.8271128780496837,degrading
48.269273737641626,414.6778966083315,4.5504850279898195,healthy
42.80899471191136,332.17090976882974,4.924693074437383,degrading
53.294055811834895,423.3214991216763,8.931189636544962,failed
22.88864690992115,398.2179258851258,3.3320494613387543,healthy
47.356145581085656,319.2434092047245,7.1962658581286565,failed
52.708651938869664,458.2369677228586,6.495288160198712,healthy
30.214137542201584,363.27042116009756,5.420954606735204,healthy
56.43754043206929,359.48737814928097,7.6379307262927,degrading
48.38496407494414,410.02845986154716,5.558158208910294,healthy
40.847120860991986,457.43186747143574,5.583738793501893,healthy
51.32781866106285,349.2089090510801,4.920319020473682,degrading
67.70692857804396,403.0839924923986,6.835353323627942,failed
46.81866255058495,421.44082501652866,6.644703850716326,degrading
47.48220586300336,434.6552803631572,4.061484068755681,healthy
40.40639100459756,408.8220777638613,3.021129208101849,healthy
36.50155630535208,381.6486080458339,4.6955290439065145,healthy
53.303358165442454,358.62048896756403,3.7999421534035305,healthy
36.43916174091133,404.30719415231874,4.904713138076968,healthy
45.715662372193925,346.39304940071963,6.856157202026209,degrading
40.223425532348834,253.93247582526962,4.314047517369815,failed
49.78979825746392,421.8279902078834,4.935764928032638,healthy
48.33662105286948,445.19674205430977,5.087034102212593,healthy
55.375399442578995,281.8533782229081,6.272646323307927,failed
39.89983601145253,349.5134647645031,1.629665999023092,degrading
42.30125064706629,430.9577130502599,4.089949557852055,healthy
35.21236284217693,502.8747734855849,5.316925538419209,healthy
40.55706739923888,401.0396853837704,6.800118434640292,degrading
48.77300493044852,363.5998529385433,4.262146328740692,healthy
52.56988616645352,390.855177944758,2.185170940937189,healthy
35.77834675822375,468.74382095740924,5.929567168949204,healthy
53.6960592010566,367.70179104377326,4.046956416761556,healthy
58.55637858804951,360.04039966748735,3.2155000113644583,degrading
49.13434903223701,375.86282389089837,4.063481915430164,healthy
63.76795812558066,352.3335695870644,4.723211963516226,degrading
37.26210800896427,406.13351579973977,4.09288300319268,healthy
32.55345296688583,481.233922923478,1.6916509143513965,healthy
27.212797510957213,416.1539636558015,6.3455992953306986,healthy
59.96044311489183,387.3823248936856,6.912312561918084,degrading
51.54365656354058,385.4094365542228,5.977282987009259,healthy
44.44415329089545,321.8404595651672,3.293471494362775,degrading
47.799686263198204,444.15548885735797,4.697762699078723,healthy
33.74510952701623,396.1081401493599,4.990218027155813,healthy
69.45751979616827,390.97600432046875,5.898191584342865,failed
46.292211819752275,559.655378392243,6.002510733077122,healthy
46.09394794604893,414.9376454182843,3.8987393018322565,healthy
52.25766623898692,362.41044749524076,5.1229933346203405,healthy
49.810092317367136,378.6821201897228,5.685920606922862,healthy
47.23884024279131,457.4222854598377,7.18373348322015,degrading
37.09525544554688,405.66352052688825,6.056759809737085,healthy
49.714683571359956,328.08610108413166,6.183585031063279,degrading
63.82024496475034,445.96144672876017,5.125739941894041,degrading
58.454200461549775,366.5927957230503,7.115688717805256,degrading
60.93186626639397,493.6648888108773,5.614644193939246,degrading
39.88784323568815,454.00240328573244,3.7083681347396444,healthy
35.10395179741419,377.6339052170624,7.105054955187786,degrading
43.74213079900352,464.0508180867556,6.046854908808541,healthy
45.557249122886944,403.39277552637014,4.335433968307276,healthy
55.94191518470949,442.638683756111,4.280760548901135,degrading
28.075353702851807,424.23664086472377,5.4448633177111425,healthy
60.29550319460614,357.6821672504563,5.694777192901377,degrading
43.419921014210104,367.8225083841269,5.295938398446809,healthy
40.7311893005258,451.49804087905807,5.466963010164327,healthy
34.87895624739832,383.26123339467296,7.549936061864571,degrading
28.451433281342307,379.81757683790016,6.607314728352328,degrading
53.231705839619146,352.24387103253235,5.285953386897536,healthy
45.73317967188404,421.17995327967304,6.411965871151224,healthy
32.10039100258946,503.1262459621572,3.4512141447086906,healthy
32.04921227936384,346.62335428728636,5.596890574920213,degrading
41.64215300709872,401.2109728336379,7.713959524599665,degrading
61.69021525289393,470.61102777077144,4.67293115691144,degrading
42.40408648636395,396.01793043771426,3.7285491070713728,healthy
29.96857046881894,422.6185898124867,4.021866667110409,healthy
42.54256935914056,346.880323592656,3.3655504439864172,degrading
42.27276430252329,421.4153548603824,3.8228571378084446,healthy
18.031133570584284,390.64278674977254,4.444237852114957,healthy
44.45705133482188,449.2864997839931,2.891649471232037,healthy
42.69065469791322,459.3693025782376,5.023427500924405,healthy
51.96206364813418,529.4781821009307,6.353415760679971,healthy
63.48956094945345,428.98165866067876,3.6383657297796193,degrading
56.26565029547757,416.2898158291083,7.2789258854626535,degrading
42.31111309445169,409.7192150788668,5.766188132791392,healthy
33.934740912583294,382.3416853594656,6.5458708784360855,degrading
70.7335980324986,416.9241921730846,4.013248169221795,failed
45.59218434014488,385.22992949304853,6.2817878405999235,healthy
45.13929291912946,408.4230488134807,3.3620991494070305,healthy
44.758749128899964,465.879876780398,6.335371251254763,healthy
46.98084760767855,349.67287173601795,5.257759009690297,degrading
43.556395880760576,456.99392805645226,5.8298768299771755,healthy
39.26337993119763,465.85575336699327,3.2366080915627227,healthy
39.53141058759608,394.0965736504461,3.657395236585093,healthy
44.672467297840015,293.90725504957027,5.895842327380077,failed
39.56575228866235,369.60890064527837,3.577477993663699,healthy
37.871542173228356,464.84972732805545,5.694809438148685,healthy
46.064302276918966,398.8565968850559,2.9492932903096314,healthy
42.450227825791444,350.0348883852545,6.272261319000002,healthy
60.039929885826886,374.7612539385891,3.151215027847236,degrading
18.490301916069882,442.03100132522763,5.8284499065192845,healthy
55.91506851922462,427.33667841006894,5.938446400469001,degrading
57.46085192497629,388.0533950415153,3.954842272355638,degrading
24.266097675918505,381.6587794092656,5.87303985062709,healthy
41.573124059196516,380.4120925478089,5.390663395000334,healthy
41.28559134004209,353.8794907750749,4.1917372157108925,healthy
30.924883052821787,480.7687844734721,3.487167973885688,healthy
37.22183312409125,383.883976539433,2.0560614624911313,healthy
33.894241545341714,460.8579260412748,5.52447507094954,healthy
62.52270443423623,476.0658025961226,2.6527958429569174,degrading
54.35678393147461,449.91554490739804,5.143016299161962,healthy
57.71555094994159,378.4189843640976,4.604827675876626,degrading
52.21672064043235,420.1865045168305,6.018714163157293,healthy
33.70948228782771,398.7902196804542,4.546931750765204,healthy
39.75479733720226,354.81490696349357,4.505828320479363,healthy
49.89374561227918,416.21796408608014,6.097806056432443,healthy
32.778721911080545,341.04801044200985,5.502587043626177,degrading
52.12998430172388,459.38396942307816,5.474233935774167,healthy
42.59674601841865,376.7691351350803,5.70390138471279,healthy
41.251791924504026,410.05798279364194,2.6966418151893414,healthy
52.10959968203491,414.1643935773071,6.135183019980473,healthy
49.4426331148604,387.05475131479614,5.918703191020404,healthy
41.3903383418092,429.33469007376374,3.4749753071352543,healthy
56.59329803364248,376.2548171688738,4.633879289488698,degrading
34.189366724001026,443.5648648728622,4.9410390685585535,healthy
51.15935606944264,332.7010159876626,4.798254823397401,degrading
50.93101257968384,406.31897897732057,5.500789949852802,healthy
41.904535606860094,496.94644995291424,7.147050172746775,degrading
48.26133022242118,349.9834337697213,6.622650091509243,degrading
32.488864236146966,366.11275147375744,3.031671209852891,healthy
54.24027019206901,425.69539248294575,5.933104985459073,healthy
43.15097863557011,408.9790890969799,6.993399979303114,degrading
39.772769794809605,417.53150496367795,5.580212781033804,healthy
55.49009225836889,424.4593565073832,6.636470637778951,degrading
37.95656309457241,431.7360734280885,8.018405668551148,failed
30.915387036364404,455.4849920978112,6.535564319160472,degrading
29.433708264760963,420.4909328464256,5.373962893462593,healthy
51.06009951345639,387.93711726907287,6.56763271112713,degrading
32.19570647503717,433.62868506013655,5.217331749645337,healthy
62.54794181984364,494.9940967447608,5.035854564927433,degrading
24.18070592116278,393.3683126808713,4.472878646429401,healthy
61.96456368290038,351.27353476646795,7.3451200382481625,degrading
47.11017467202618,455.3540334643486,3.772357001086998,healthy
44.032868881296075,393.9809418023201,7.298551587017174,degrading
39.550809131910505,291.3665226992982,5.749796185610557,failed
48.991361143520706,442.37108385752106,2.9010407377970875,healthy
44.62365297575152,373.23359070230384,5.551473939487132,healthy
56.03301882016521,395.47333588479194,1.8499602385225637,degrading
46.142276486620396,416.5990165284507,5.938262025246553,healthy
46.50301761461878,409.5249839889533,6.327847224483486,healthy
41.36387787786144,435.47259085695197,4.11146606652192,healthy
44.43054376278933,378.2256814715078,5.185321543933373,healthy
48.07801768892059,425.65528990880415,7.93123615062543,degrading
27.898316073433744,387.02266612080416,4.241379943607095,healthy
31.51814577894287,436.94052404437514,3.411638619415099,healthy
52.43264094022715,430.76837420065266,7.222495103693898,degrading
46.708654381279416,353.22806489777025,7.943880785796193,degrading
43.16016663647321,454.2991058087516,5.005543507771771,healthy
45.184339330653934,373.2018277442976,6.517194553112534,degrading
48.47581705361671,440.40288991405725,7.0122138732963215,degrading
39.60240319690639,418.36436567006706,3.886273651192424,healthy
37.216952745976876,491.9091838397561,4.272041246948198,healthy
46.958452550976816,388.8267008814074,6.846311769732102,degrading
35.21627222384968,382.53416019409013,7.527521418062764,degrading
49.082527557144715,399.0290197056134,5.844321290261532,healthy
27.974163957621595,384.8410108582862,3.6802784697469186,healthy
55.29155637325644,439.9970950971025,7.980591667549161,degrading
49.72597482413043,319.1844695781706,4.203543653282053,failed
47.56029734313876,347.3158790426823,4.497293328242822,degrading
54.82690983945514,346.6098539210403,5.5135067517344325,degrading
61.65474444462576,447.5153795986788,7.331240631072161,degrading
55.1437006501813,485.5306686290963,6.280963964828335,degrading
26.591257686683548,394.77753907312643,5.622298250542865,healthy
32.204230332642986,391.5589138404995,5.694932795177159,healthy
38.75181422304321,403.50260815565906,5.065272002965199,healthy
45.26091050210834,458.0939151304095,5.837209271777759,healthy
50.17659020469123,353.6323432904713,1.2056598834585452,healthy
37.742561868465344,411.91844913673924,4.5550888113953025,healthy
46.86766764477078,448.7598814891215,5.361982902375171,healthy
37.44617067646678,425.05470849699225,3.2734788745707393,healthy
38.884821970080516,409.4790808299372,5.57948497671734,healthy
30.933389031517777,450.05230462835704,4.6932931685208175,healthy
35.76766753889096,264.83838535003815,7.633213547473235,failed
31.483153943836662,433.8937659765454,7.359529587822284,degrading
35.241267470226674,367.29621584362883,4.301291646322756,healthy
55.536417966078396,308.46835515717714,4.773743432649957,failed
35.50601111168057,425.560129976249,4.889078651587411,healthy
71.32382064837391,468.68292725814786,4.322510785760566,failed
49.93317900880889,393.12757426861543,5.29253747604219,healthy
46.84836123694874,447.64372736014695,3.8625768966686147,healthy
36.41642219818787,480.6139128994323,3.3040769975937105,healthy
52.003098794089915,465.74572267920234,5.934066835850403,healthy
39.24362173762226,481.99822646856967,5.944294376332716,healthy
46.220098146453616,437.1063745535946,3.7935263605100116,healthy
70.60084538268795,403.77168194507965,6.343033146143899,failed
44.0394010027535,319.90170940514156,4.052633406252003,failed
56.49273326285676,387.69687559350257,5.379747857056972,degrading
37.96823574874112,357.8376702341904,6.230516018918684,healthy
44.65011509503038,508.54713587489067,4.949581152944431,healthy
62.7080063563551,391.2057093783832,5.682111368211702,degrading
38.730329422122324,406.1602403392243,4.225355534168642,healthy
63.12448557996929,427.57426880202337,4.705300124857854,degrading
52.07751935455475,402.1801223186227,4.69121085367949,healthy
39.37533224105732,484.75255202153767,3.8801324801896415,healthy
51.32407739055521,368.8675319132774,4.734838755326327,healthy
54.7255444962673,409.73037276186216,2.67707255170438,healthy
51.21809962217196,362.8764707150976,4.263269379286843,healthy
29.297752801095434,333.9988744389647,4.572686759945494,degrading
37.728628241751316,369.41154545473574,4.61573037125693,healthy
42.52481364448495,398.1481601475794,4.637753831193832,healthy
44.25566570899954,378.534888774137,4.907353700209806,healthy
51.206720975506784,365.3789510063072,5.7191622771290955,healthy
46.777010009332535,329.6841268164083,6.311775611198784,degrading
31.64655641289899,395.8447213685653,4.0253521597276,healthy
48.801978510059634,324.7639812984499,3.195198716916283,degrading
51.10585745283823,438.0027981844801,3.4369333816353453,healthy
50.5979044793104,404.1219876467252,4.269195618207609,healthy
55.807807255546216,327.1224250267535,4.472118023275236,degrading
53.33922154548904,384.5395461475068,3.845005900703814,healthy
49.59180079228437,362.39217972047084,3.0558250036251584,healthy
44.29834288541353,415.95872552095904,4.315818758788717,healthy
28.390390664840087,467.0225223011572,5.272139930170957,healthy
49.296182191325855,306.24137651771275,5.892544198753347,failed
47.076876871631114,405.75130395737085,4.163865420337518,healthy
47.715788371953735,391.99336022166796,4.380503266784849,healthy
32.232514241796906,433.5670038225233,3.609952536729034,healthy
34.189434595917376,410.65983141188445,4.952841244437836,healthy
55.53152853332904,362.40153341305904,3.7273570487137784,degrading
44.60444846143345,384.0473032166691,5.8596917198618,healthy
51.81500697372624,360.1987071598255,2.3212002620988335,healthy
45.28318376130461,453.80035692992993,4.460555491321307,healthy
45.297561394957455,401.0655824335971,5.451661008787613,healthy
54.382838059759976,495.05953428765037,5.275751774483757,healthy
39.83955271782626,396.966959309269,9.039550495970744,failed
45.96120776940983,364.57966165447687,5.524700036851861,healthy
40.377247112949576,324.31428036935864,3.4939181047369847,degrading
40.65503772567684,309.84301618720275,4.85680362936639,failed
41.908278765313604,320.7932028497255,2.335630499800322,degrading
47.22133771633713,413.35633255057417,4.879100376054859,healthy
40.212513783365225,425.43625116149667,3.750415914498862,healthy
57.55756125573521,320.9404648983933,6.373085413340243,degrading
36.05392697780496,444.75191570380576,4.175689588106698,healthy
43.13128355838641,375.846947415828,4.82485112630713,healthy
40.60268941725825,407.3396505992775,4.046663237893394,healthy
59.46977884353733,480.61103141277124,7.608277027779997,degrading
46.965547765115744,444.8419657932766,4.518135850823133,healthy
55.31844539468635,386.5734676047084,7.748835565218803,degrading
30.14439626963028,355.4403887292356,6.2212276431774,healthy
47.67050265869259,292.4092299335348,5.723100091003079,failed
53.89630795623437,364.042334037879,5.553099720976279,healthy
45.82283989275424,389.4434880586153,5.590695947324377,healthy
55.654803750653514,350.6410236424408,2.108491130981585,degrading
39.82711549899628,393.43715164538474,4.5816749087738655,healthy
59.0934744018558,403.8425941479384,6.267736956776482,degrading
67.9889812361925,388.75720090959607,4.926654224788842,failed
41.37161439560341,367.499870958827,2.8922152297946373,healthy
40.54497478599228,408.43273359833637,4.9213933241337955,healthy
59.53384477117701,422.09703247847045,7.556158274383237,degrading
60.795721457307124,345.4800461278577,6.870337573302079,degrading
39.771399728467316,470.54661898731354,4.906993985950953,healthy
40.798131829041424,395.07059338578694,6.4271739155871295,healthy
42.18215391139493,400.9424811472424,4.450239469447922,healthy
31.55549488965723,435.4107211628278,2.4441926197599217,healthy
35.81348053515802,411.6608065631751,3.6133010178056684,healthy
34.95859233247932,447.6568316956623,7.344333152762297,degrading
37.32202434895871,414.3562082600912,4.589010377256043,healthy
44.65315112613219,369.3781312679781,4.634924030937473,healthy
47.342147325365204,418.07517626030506,4.550242705587679,healthy
60.50500492814077,342.81368963396693,7.85620488435951,degrading
35.016459592612094,405.42798528882616,7.438938373043095,degrading
54.843223984765835,398.33850046777695,8.3281703501722,failed
42.86011155774491,389.59415713637304,4.761432184399923,healthy
44.50536290347567,393.57312442805346,5.443436733120643,healthy
51.74819492166604,305.90754772511804,2.725036175868813,failed
33.772779784377015,372.5637546129519,7.215401639177411,degrading
48.82409746184051,404.64224505705573,3.2483306730980974,healthy
46.66452208213056,407.99281959987,5.325163345643944,healthy
49.92451264008149,348.6162429537021,3.354046208550734,degrading
47.89168643907818,463.28539204323505,4.116699759891956,healthy
69.55300139910895,356.691257589275,3.7441063534254493,failed
38.62260015748684,448.47286002633683,4.088187108986273,healthy
39.690030449981826,421.35971809358426,4.191315945276532,healthy
38.76859473575236,367.68863450780987,4.177596807612384,healthy
39.44522880839745,488.7655446304756,6.250000867670461,healthy
38.62612872693482,340.318158412176,3.34270581040622,degrading
56.89016531107552,445.9577086805001,5.3308121405208,degrading
59.20504247989855,450.02911590214893,6.826938728458337,degrading
39.29253706250524,366.46898954616773,4.230205453229906,healthy
36.67644426895771,469.62326500321643,3.9231216638785975,healthy
49.71415556386404,387.49767427005236,4.654213062229624,healthy
39.477769557190285,414.43468146399283,6.769587812541065,degrading
51.32931817755511,413.01609193856103,5.291161446430037,healthy
47.029230208513,393.28456292647263,4.203178558088602,healthy
29.84255885002768,440.5404136579891,5.725814976782059,healthy
60.47505201330061,439.6744360276106,3.346561775245365,degrading
62.95877673095522,312.57340133809095,6.0220392656644215,failed
38.87211309515614,465.2170121439076,5.612910961552651,healthy
41.122984400640156,316.8754005982163,4.538287293291674,failed
47.85865390724905,451.6273102170829,3.7421213023291537,healthy
48.34456789987025,456.3352568413792,3.669978616574814,healthy
51.5854427267283,345.45167848924007,5.802226004518865,degrading
65.1020453876635,379.45928560227077,6.843470753733593,failed
43.2305277250595,344.7147665757032,4.044038379456808,degrading
37.01702755461546,389.2539484855632,5.687580055327226,healthy
31.20680771985473,384.59828579071296,1.8694594720968967,healthy
37.69069960058081,438.983026613467,4.1230734040142005,healthy
44.66873027126203,465.5154373059804,4.953411600693647,healthy
62.94557863517788,469.7841905394978,3.6354748745272496,degrading
39.823887009638284,371.8915986710849,3.595240437815606,healthy
47.237879516388986,389.53890631277363,3.998330665296671,healthy
44.83577103927248,315.8280903889525,5.43828909248956,failed
56.88393273448084,359.7064966751906,4.719006472390438,degrading
70.26932425873622,448.2425816548729,1.642653150012542,failed
39.69131227079679,480.7791411774116,1.818949771047401,healthy
40.10560557481778,338.2825564060039,4.089702233214237,degrading
55.44160877069072,370.3767870423553,5.686529879080328,degrading
51.81891489626312,398.67971215205364,0.878742735912148,healthy
63.46707325736034,414.00805794098034,4.250404735772554,degrading
50.839281853259635,359.5198240039177,4.210628215223869,healthy
41.40707909212941,421.2030522232045,7.082506667312671,degrading
50.90654830692309,376.3080326464542,4.422467282430705,healthy
56.087035805829075,399.27738645608605,5.574483477111393,degrading
53.204821811973645,427.314212400185,5.211885710131195,healthy
50.07274031107298,400.3211134905469,1.8041502802891989,healthy
55.666746895891535,378.1807054736716,6.152310824947606,degrading
56.692955904456724,394.51950980370844,5.323094758184432,degrading
58.82158991037527,395.58185203973323,5.762402959511885,degrading
51.48709887589643,381.4994485058936,10.889356559654491,failed
43.328819196831454,387.0601968666449,1.8738305907521173,healthy
46.46713686433323,479.9323585252358,7.587044974641662,degrading
57.06508966508357,428.0459723970619,4.568828720899466,degrading
36.83064329012764,385.22598409854197,5.430993356604514,healthy
48.686733088729014,434.84772022553676,4.931731632048137,healthy
41.06661187672639,383.3090255121995,4.363645499902935,healthy
45.28744822934817,458.65623187933204,4.145250607641862,healthy
57.78451862607299,418.4821096099047,5.494263103359514,degrading
46.910990680199035,394.63489279978853,2.7242394549924813,healthy
45.46436548156149,422.3858462905139,6.125868751282648,healthy
31.401438590200808,321.45619239657503,4.375708392672119,degrading
52.46253566027221,343.6616265545097,3.304895991439463,degrading
51.45484181141075,340.30374968004725,4.32498071300628,degrading
66.6325472330546,407.14715473818535,6.8857238252938595,failed
41.92221765046999,486.6257499742546,4.196997369475666,healthy
47.19150327663939,511.5650073096316,5.53768042731443,healthy
47.49383683710755,431.90255507203784,3.90356558642679,healthy
60.77453279763475,425.04222374722286,6.1368827748854295,degrading
44.047044676130476,309.94711329236304,6.028261608185306,failed
47.790215257703395,372.8663100132989,7.772913249944617,degrading
51.078965097165394,360.61081240458805,4.736654081751177,healthy
46.86609123156358,368.9576200874442,6.00298220713686,healthy
40.535663854494715,391.5928090707605,5.147101309308417,healthy
46.94089992898308,376.3954711151436,6.943807672794522,degrading
55.73631749859772,301.03500948121064,3.9217514185869042,failed
34.7348470058894,437.3955128058767,6.117507969315922,healthy
46.32969674146876,346.36284871300967,4.7079540558249775,degrading
37.99879185060827,411.9623432055575,4.9037177343372536,healthy
56.950466289248425,503.70413348749867,5.137628726672559,degrading
29.768130952162252,354.03077042067883,5.378360594640016,healthy
39.410781527284115,273.4856238626835,4.825656435317063,failed
48.772118750645205,385.69978890599447,5.322069774755789,healthy
60.65524029234341,455.04798174992857,7.367177086343277,degrading
44.34249738927012,497.9173727110297,6.478174528422827,healthy
39.44800473306802,338.52252027737916,6.303731888745345,degrading
63.8115706944059,424.8349611618261,4.316690710964194,degrading
30.51986099583756,376.73447716099736,3.6661387576575137,healthy
23.011940433799182,394.7025822847932,6.432950837356629,healthy
49.40014450053332,532.2171673508517,6.314070188794691,healthy
39.97945775647389,324.85148358024236,7.209006013626473,degrading
34.787671828692865,412.6869830747287,4.094029061046156,healthy
52.08356447299353,423.38465858827163,4.655677016959479,healthy
47.43800713771199,454.28931624696736,2.540773756211849,healthy
39.359213692632714,404.8991576735448,4.41129334090869,healthy
32.19695601329106,415.4025269752051,6.494855765869171,healthy
53.724573282801444,380.4175716289104,4.300256931157703,healthy
51.50201177958661,413.45634706225536,5.960719692801236,healthy
44.00824136220617,382.84038622512946,4.7142453410032825,healthy
63.466369960476655,431.07859449280255,5.486085542332341,degrading
34.29915233673847,381.5194831978183,3.2784629152764992,healthy
29.74474829075261,418.8550196951093,5.127814174450852,healthy
38.080919301187556,398.5368593157511,0.5132960436489151,healthy
44.54413983644502,456.3025125386084,4.719655762757022,healthy
47.43339449322692,397.4303138205757,2.5542901344272897,healthy
42.5876394214367,311.3483765896559,6.808991774820224,failed
48.520553965142966,463.0960750356996,6.166111029146767,healthy
32.48460575809556,354.71338495686905,5.700006472949122,healthy
59.437646040732595,367.311683067559,7.2815093407390705,degrading
44.178488216074314,370.2169352978254,3.576625218762744,healthy
56.172958315881274,468.7219046585409,7.6210447968733375,degrading
48.42725346377704,293.2162893010652,6.398287346390577,failed
49.567532191537836,556.8874266829997,4.645167069171581,healthy
50.69767280232204,452.80284045330257,6.7034302207744165,degrading
49.47708560017315,411.16194570645797,3.3405597313825486,healthy
51.42722759867544,397.25529996918567,3.7632287577084895,healthy
58.29152530132431,414.27770374288286,4.087115415140449,degrading
46.9652116970147,426.05612141896694,4.206533437903977,healthy
52.09003757588512,432.26077929750284,3.415163535859621,healthy
44.102643057127736,427.78022330017245,6.834624600642988,degrading
59.40117215449473,404.4790340627624,4.611718399445253,degrading
38.2360769794073,390.1330789846337,5.528757452535319,healthy
63.00940432910816,392.4363358173244,4.1444729503794795,degrading
44.59842049355657,390.25458598236594,2.269095049177224,healthy
30.69224897881952,456.68850484335326,5.405086037587133,healthy
46.28104414910789,429.6778361140431,2.1316175368703347,healthy
38.18948342525119,252.98056826678598,4.897048930871797,failed
53.406435489887244,432.79503882648805,2.9475274417507844,healthy
38.47376020697609,409.7368097359387,7.980913998846212,degrading
40.538165667852205,399.0645621777051,6.3670440832620825,healthy
26.104592690544692,380.5740773455557,5.1586306869072205,healthy
40.47693680750923,456.2056359993007,6.895560016482003,degrading
20.761206733710434,447.3763231061429,3.730526033801396,healthy
29.16097176514277,361.35611660881955,5.815219068005139,healthy
52.604146561442974,420.35261435622675,5.2997156505780705,healthy
52.85800158650832,351.4171632729357,5.396030122000505,healthy
49.254575617849646,331.01909176055347,6.908530250160152,degrading
35.33023856870787,368.6641387705017,6.098738154169704,healthy
44.5228864385802,443.1196736191379,5.433085494237535,healthy
44.963974609094315,447.65625226880434,2.517668845657556,healthy
33.416353108074574,425.65427100486465,3.559930557080804,healthy
60.0339830176715,436.2547893423999,4.815936599606414,degrading
53.77362290575671,425.8089143557479,5.1400585614149765,healthy
42.79035826170336,367.92592023885237,3.3046944129891145,healthy
45.26885838994531,421.596127233697,8.617515013367631,failed
47.08382807947552,440.0204762613841,7.2745910828803595,degrading
24.582651315757094,437.7145664906787,5.903177480588726,healthy
42.52822617479403,459.4456685737322,5.108055291925617,healthy
38.180157520022014,435.4151923600532,4.681686545148272,healthy
34.983799901050844,417.57241037707917,3.5721223099666464,healthy
42.18899707114045,453.5075119158214,5.1162207777782935,healthy
62.976865268495224,398.673937037547,5.386628810214126,degrading
51.4084286126701,355.9062674386141,3.1373591367775635,healthy
39.28821010217203,391.84665180281183,5.501264625867346,healthy
50.72582781356159,362.75486775967755,4.7671114267628765,healthy
